-- phpMyAdmin SQL Dump
-- version 5.2.1
-- https://www.phpmyadmin.net/
--
-- Host: 127.0.0.1
-- Generation Time: Mar 27, 2025 at 09:35 AM
-- Server version: 10.4.32-MariaDB
-- PHP Version: 8.2.12

SET SQL_MODE = "NO_AUTO_VALUE_ON_ZERO";
START TRANSACTION;
SET time_zone = "+00:00";


/*!40101 SET @OLD_CHARACTER_SET_CLIENT=@@CHARACTER_SET_CLIENT */;
/*!40101 SET @OLD_CHARACTER_SET_RESULTS=@@CHARACTER_SET_RESULTS */;
/*!40101 SET @OLD_COLLATION_CONNECTION=@@COLLATION_CONNECTION */;
/*!40101 SET NAMES utf8mb4 */;

--
-- Database: `tugas_vi`
--

-- --------------------------------------------------------

--
-- Table structure for table `dosen`
--

CREATE TABLE `dosen` (
  `id_dosen` char(7) NOT NULL,
  `nama_dosen` varchar(25) NOT NULL
) ENGINE=InnoDB DEFAULT CHARSET=utf8mb4 COLLATE=utf8mb4_general_ci;

--
-- Dumping data for table `dosen`
--

INSERT INTO `dosen` (`id_dosen`, `nama_dosen`) VALUES
('DSN1001', 'Dr. Budi'),
('DSN1002', 'Dr. Siti');

-- --------------------------------------------------------

--
-- Table structure for table `mahasiswa`
--

CREATE TABLE `mahasiswa` (
  `nim` char(7) NOT NULL,
  `nama` varchar(25) NOT NULL,
  `prodi` varchar(25) NOT NULL
) ENGINE=InnoDB DEFAULT CHARSET=utf8mb4 COLLATE=utf8mb4_general_ci;

--
-- Dumping data for table `mahasiswa`
--

INSERT INTO `mahasiswa` (`nim`, `nama`, `prodi`) VALUES
('22001', 'Andi Wijaya', 'Informatika'),
('22002', 'Rina Lestari', 'Informatika'),
('22003', 'Dika Pratama', 'Sistem Informasi');

-- --------------------------------------------------------

--
-- Table structure for table `matakuliah`
--

CREATE TABLE `matakuliah` (
  `kode_mk` char(5) NOT NULL,
  `nama_mk` varchar(25) NOT NULL,
  `sks` char(2) NOT NULL
) ENGINE=InnoDB DEFAULT CHARSET=utf8mb4 COLLATE=utf8mb4_general_ci;

--
-- Dumping data for table `matakuliah`
--

INSERT INTO `matakuliah` (`kode_mk`, `nama_mk`, `sks`) VALUES
('IF101', 'Basis Data', '3'),
('IF102', 'Pemrograman', '4'),
('SI201', 'Manajemen Proyek', '3');

-- --------------------------------------------------------

--
-- Table structure for table `registrasi`
--

CREATE TABLE `registrasi` (
  `nim` char(7) DEFAULT NULL,
  `kode_mk` char(5) DEFAULT NULL,
  `id_dosen` char(7) DEFAULT NULL,
  `ruang_kelas` varchar(10) DEFAULT NULL,
  `nilai` decimal(5,2) NOT NULL
) ENGINE=InnoDB DEFAULT CHARSET=utf8mb4 COLLATE=utf8mb4_general_ci;

--
-- Dumping data for table `registrasi`
--

INSERT INTO `registrasi` (`nim`, `kode_mk`, `id_dosen`, `ruang_kelas`, `nilai`) VALUES
('22001', 'IF101', 'DSN1001', 'A101', 95.00),
('22001', 'IF102', 'DSN1002', 'B202', 85.00),
('22002', 'IF101', 'DSN1001', 'A101', 90.00),
('22003', 'SI201', 'DSN1001', 'C303', 80.00);

--
-- Indexes for dumped tables
--

--
-- Indexes for table `dosen`
--
ALTER TABLE `dosen`
  ADD PRIMARY KEY (`id_dosen`);

--
-- Indexes for table `mahasiswa`
--
ALTER TABLE `mahasiswa`
  ADD PRIMARY KEY (`nim`);

--
-- Indexes for table `matakuliah`
--
ALTER TABLE `matakuliah`
  ADD PRIMARY KEY (`kode_mk`);

--
-- Indexes for table `registrasi`
--
ALTER TABLE `registrasi`
  ADD KEY `nim` (`nim`),
  ADD KEY `kode_mk` (`kode_mk`),
  ADD KEY `id_dosen` (`id_dosen`);

--
-- Constraints for dumped tables
--

--
-- Constraints for table `registrasi`
--
ALTER TABLE `registrasi`
  ADD CONSTRAINT `registrasi_ibfk_1` FOREIGN KEY (`nim`) REFERENCES `mahasiswa` (`nim`),
  ADD CONSTRAINT `registrasi_ibfk_2` FOREIGN KEY (`kode_mk`) REFERENCES `matakuliah` (`kode_mk`),
  ADD CONSTRAINT `registrasi_ibfk_3` FOREIGN KEY (`id_dosen`) REFERENCES `dosen` (`id_dosen`);
COMMIT;

/*!40101 SET CHARACTER_SET_CLIENT=@OLD_CHARACTER_SET_CLIENT */;
/*!40101 SET CHARACTER_SET_RESULTS=@OLD_CHARACTER_SET_RESULTS */;
/*!40101 SET COLLATION_CONNECTION=@OLD_COLLATION_CONNECTION */;
